week,day,post_date,format,id,slug,theme,week_theme,notes,punch,filename,drive_folder,relevant_links,caption_ig,caption_tt,caption_li,caption_fb,blog_url,yt_short_url,yt_long_url,notebooklm_url,repurpose_status,status,ig_url,fb_url,tt_url,li_url,posted_at
Launch,1,2026-05-20,single,L01,launch-now-live,page,Launch,,An app built for inconsistent income.,L01_launch-now-live.png,social-export/singles,https://apps.apple.com/app/able-inconsistent-income/id6769551407,"It's here.

Able is live in the App Store.

If you're a freelancer, creator, contractor, or 1099 worker whose paycheck doesn't show up the same day every month, this app was built for you.

Most budgeting apps assume a steady paycheck. Yours isn't one. So the math doesn't work, the leaks happen, and by the 30th the money is gone.

Able is different. Every deposit gets a purpose the moment it lands.

Bills covered. Tax set aside. Reserve growing. Nothing left to leak.

30 days free. Live one full income cycle. Then decide.

Link in bio.

#freelancing #1099life #inconsistentincome #freelancer #budgeting","Able is live.

Built for inconsistent income.

Freelancer. Creator. Contractor. 1099.

30 days free.

Link in bio.

#freelancetok #1099 #moneytok #budgeting","Able is now live in the App Store.

It's a budgeting app built specifically for inconsistent income, not monthly paychecks.

If you're a freelancer, creator, contractor, or 1099 worker, the math you need is different. Monthly budgets assume your paycheck shows up the same day every month. Yours doesn't.

Able's Floor-First method gives every deposit a purpose the moment it lands. Taxes covered. Bills covered. Then debt, reserve, and free spending in that order.

30 days free. Live one full income cycle, then decide.

App Store link in the first comment.

https://apps.apple.com/app/able-inconsistent-income/id6769551407","It's here.

Able is live in the App Store.

If you're a freelancer, creator, contractor, or 1099 worker whose paycheck doesn't show up the same day every month, this app was built for you.

Most budgeting apps assume a steady paycheck. Yours isn't one. So the math doesn't work, the leaks happen, and by the 30th the money is gone.

Able is different. Every deposit gets a purpose the moment it lands.

Bills covered. Tax set aside. Reserve growing. Nothing left to leak.

30 days free. Live one full income cycle. Then decide.

https://apps.apple.com/app/able-inconsistent-income/id6769551407

#freelancing #1099life #inconsistentincome #freelancer #budgeting",,,,,,Posted,,,,,2026-05-20
Launch,2,2026-05-21,single,L03,launch-wrong-tool,white,Launch,,Most apps assume a paycheck. Yours isn't one.,L03_launch-wrong-tool.png,social-export/singles,https://apps.apple.com/app/able-inconsistent-income/id6769551407,"Every budgeting app you've tried assumes a paycheck.

Same amount. Same day. Every month.

But you don't have a paycheck. You have deposits. Some weeks, multiple. Some weeks, none.

So the budget breaks. The leaks happen. And the apps blame you for not 'sticking to it.'

You're not bad with money. You were handed the wrong tool.

Able is the right one.

30 days free in the App Store. Link in bio.

#freelancing #1099life #inconsistentincome #budgeting","Every budget app assumes a paycheck.

You don't have one.

That's why nothing's been working.

Able is in the App Store. 30 days free.

Link in bio.

#freelancetok #1099 #budgeting",,"Every budgeting app you've tried assumes a paycheck.

Same amount. Same day. Every month.

But you don't have a paycheck. You have deposits. Some weeks, multiple. Some weeks, none.

So the budget breaks. The leaks happen. And the apps blame you for not 'sticking to it.'

You're not bad with money. You were handed the wrong tool.

Able is the right one.

30 days free in the App Store. https://apps.apple.com/app/able-inconsistent-income/id6769551407

#freelancing #1099life #inconsistentincome #budgeting",,,,,,Pending,,,,,
Launch,3,2026-05-22,single,L04,launch-not-your-fault,glass-dark,Launch,,The problem was never you. It was the advice.,L04_launch-not-your-fault.png,social-export/singles,https://apps.apple.com/app/able-inconsistent-income/id6769551407,"You're not lazy. You're not bad with money. You're not undisciplined.

You're freezing. Because the next deposit might come Friday. Or three weeks from now. And every monthly budget app you've tried assumed you'd know.

The problem was never you.

It was the advice.

Able is built for the way your money actually arrives.

30 days free. App Store. Link in bio.

#freelancing #1099life #moneymindset #budgeting","You're not bad with money.

You were handed the wrong tool.

Able is the right one. In the App Store now.

Link in bio. 30 days free.

#freelancetok #1099 #moneytok","The reason most freelancers and 1099 workers feel stuck with money isn't a discipline problem.

It's a tool problem.

Every budgeting app on the market assumes a steady paycheck. Same amount. Same day. Every month.

If your income doesn't arrive that way, the budget breaks the first time a deposit is late or smaller than expected. And then the leaks start.

You're not bad with money. The advice was never built for you.

Able is the first budgeting app built specifically for inconsistent income.

30 days free. Live one full income cycle.

App Store link in the first comment.

https://apps.apple.com/app/able-inconsistent-income/id6769551407","You're not lazy. You're not bad with money. You're not undisciplined.

You're freezing. Because the next deposit might come Friday. Or three weeks from now. And every monthly budget app you've tried assumed you'd know.

The problem was never you.

It was the advice.

Able is built for the way your money actually arrives.

30 days free. App Store. https://apps.apple.com/app/able-inconsistent-income/id6769551407

#freelancing #1099life #moneymindset #budgeting",,,,,,Pending,,,,,
Launch,4,2026-05-23,carousel,C259,designer-day-1-31,white,Launch,,Designer: Day 1 to Day 31.,C259_designer-day-1-31,social-export/carousels/C259_designer-day-1-31,https://apps.apple.com/app/able-inconsistent-income/id6769551407,"Day 1: Money in. Just in time. Breathe.

Day 7: A snack. A subscription. A small thing.

Day 14: The leak.

Day 30: 'Where did $4,000 go?'

Day 31: Shame.

If this is the cycle, the problem isn't your discipline. It's that nothing told you what each dollar was for the moment it arrived.

Able does that. Every deposit gets a purpose.

30 days free. App Store. Link in bio.

#freelancing #1099life #inconsistentincome","Day 1: Breathe.

Day 14: The leak.

Day 30: Where did $4,000 go?

This is the cycle Able breaks.

30 days free. Link in bio.

#freelancetok #moneytok #1099",,"Day 1: Money in. Just in time. Breathe.

Day 7: A snack. A subscription. A small thing.

Day 14: The leak.

Day 30: 'Where did $4,000 go?'

Day 31: Shame.

If this is the cycle, the problem isn't your discipline. It's that nothing told you what each dollar was for the moment it arrived.

Able does that. Every deposit gets a purpose.

30 days free. App Store. https://apps.apple.com/app/able-inconsistent-income/id6769551407

#freelancing #1099life #inconsistentincome",,,,,,Pending,,,,,
Launch,5,2026-05-24,single,L05,launch-the-fear,black,Launch,,Built for the fear of the next check.,L05_launch-the-fear.png,social-export/singles,https://apps.apple.com/app/able-inconsistent-income/id6769551407,"Freelancers don't fail to pay down debt because they don't want to.

They fail because they're afraid of not knowing when the next check is coming.

So the cash sits. Just in case. The debt grows. The savings stall.

It isn't a willpower problem. It's a structural one.

Able solves it. Reserve takes the weight off 'what if the next check is late.' Floor stays covered. Debt actually moves.

30 days free. App Store. Link in bio.

#freelancing #1099life #inconsistentincome #moneymindset","You're not bad at saving.

You're scared of the next check being late.

Reserve takes that weight off. Floor stays covered.

Able is in the App Store. 30 days free. Link in bio.

#freelancetok #1099 #moneytok","The single insight that shaped how Able got built:

Freelancers and 1099 workers don't fail to pay down debt because they don't want to. They fail because they're afraid of not knowing when the next check is coming.

So the cash sits in checking. Just in case.

The debt grows. The savings stall. The shame compounds.

It isn't a willpower problem. It's a structural one. The solution isn't a stricter monthly budget. It's a reserve that absorbs gap weeks so the floor never falls.

Able is built around that mechanic.

30 days free. App Store link in the first comment.

https://apps.apple.com/app/able-inconsistent-income/id6769551407","Freelancers don't fail to pay down debt because they don't want to.

They fail because they're afraid of not knowing when the next check is coming.

So the cash sits. Just in case. The debt grows. The savings stall.

It isn't a willpower problem. It's a structural one.

Able solves it. Reserve takes the weight off 'what if the next check is late.' Floor stays covered. Debt actually moves.

30 days free. App Store. https://apps.apple.com/app/able-inconsistent-income/id6769551407

#freelancing #1099life #inconsistentincome #moneymindset",,,,,,Pending,,,,,
Launch,6,2026-05-25,carousel,LC1,launch-how-it-works,page,Launch,,Able is live. Here's how it works.,LC1_launch-how-it-works,social-export/carousels/LC1_launch-how-it-works,https://apps.apple.com/app/able-inconsistent-income/id6769551407,"Three steps.

1. Log what came in. Ten seconds per deposit.

2. Able tells you where it goes. Taxes. Bills. Then debt, reserve, and free spending.

3. Over one income cycle: debt drops, savings grow, nothing leaks.

That's the whole product.

30 days free in the App Store. Live one full income cycle. Then decide.

Link in bio.

#freelancing #1099life #budgeting #freelancer","1. Log a deposit.

2. Able splits it.

3. Bills covered. Tax set aside. Reserve grows.

Three steps. 30 days free.

Link in bio.

#freelancetok #1099 #moneytok","How Able works in three steps:

1. Log a deposit when it lands. Ten seconds.

2. Able tells you where it goes. Taxes first. Bills second. Then debt, reserve, and free spending in order.

3. Over one income cycle: debt drops, savings grow, the floor stays covered.

That's the whole product. No spreadsheets. No category gymnastics. No envelope rituals that fall apart when a deposit is late.

30 days free. Live one full income cycle, then decide.

App Store link in the first comment.

https://apps.apple.com/app/able-inconsistent-income/id6769551407","Three steps.

1. Log what came in. Ten seconds per deposit.

2. Able tells you where it goes. Taxes. Bills. Then debt, reserve, and free spending.

3. Over one income cycle: debt drops, savings grow, nothing leaks.

That's the whole product.

30 days free in the App Store. Live one full income cycle. Then decide.

https://apps.apple.com/app/able-inconsistent-income/id6769551407

#freelancing #1099life #budgeting #freelancer",,,,,,Pending,,,,,
Launch,7,2026-05-26,carousel,C111,identity-sunday-calm,glass-dark,Launch,,Identity: Sunday calm.,C111_identity-sunday-calm,social-export/carousels/C111_identity-sunday-calm,https://apps.apple.com/app/able-inconsistent-income/id6769551407,"Sundays used to feel like a math problem.

What hit. What didn't. What's coming. What's late. What gets paid Monday.

Now Sundays are quiet.

Because the math already ran. The floor is covered. Tax is set aside. Reserve grew this week. The leak got caught.

That's what Able gives you. Not a budget. A Sunday you don't dread.

30 days free. App Store. Link in bio.

#freelancing #1099life #inconsistentincome","Sunday used to be a math problem.

Now it's quiet.

That's the whole point.

Able. 30 days free. Link in bio.

#freelancetok #moneytok #1099",,"Sundays used to feel like a math problem.

What hit. What didn't. What's coming. What's late. What gets paid Monday.

Now Sundays are quiet.

Because the math already ran. The floor is covered. Tax is set aside. Reserve grew this week. The leak got caught.

That's what Able gives you. Not a budget. A Sunday you don't dread.

30 days free. App Store. https://apps.apple.com/app/able-inconsistent-income/id6769551407

#freelancing #1099life #inconsistentincome",,,,,,Pending,,,,,
Launch,8,2026-05-27,single,L02,launch-five-jobs,green,Launch,,One deposit. Five jobs. In order.,L02_launch-five-jobs.png,social-export/singles,https://apps.apple.com/app/able-inconsistent-income/id6769551407,"Every deposit has five jobs. In order.

1. Taxes. Set aside the moment the deposit lands.

2. Bills. The unmissable floor amount.

3. Debt. Moves every cycle, not just 'good months.'

4. Reserve. The buffer for gap weeks.

5. Free spending. What's left, guilt-free.

That's Floor-First Budgeting. That's Able.

30 days free in the App Store. Link in bio.

#freelancing #1099life #inconsistentincome #budgeting","Every deposit has 5 jobs.

In order: taxes, bills, debt, reserve, free spending.

That's Floor-First Budgeting.

30 days free. Link in bio.

#freelancetok #1099 #moneytok",,"Every deposit has five jobs. In order.

1. Taxes. Set aside the moment the deposit lands.

2. Bills. The unmissable floor amount.

3. Debt. Moves every cycle, not just 'good months.'

4. Reserve. The buffer for gap weeks.

5. Free spending. What's left, guilt-free.

That's Floor-First Budgeting. That's Able.

30 days free in the App Store. https://apps.apple.com/app/able-inconsistent-income/id6769551407

#freelancing #1099life #inconsistentincome #budgeting",,,,,,Pending,,,,,
Launch,9,2026-05-28,carousel,C52,floor-first-five-rules,page,Launch,,Floor-First Budgeting: 5 rules.,C52_floor-first-five-rules,social-export/carousels/C52_floor-first-five-rules,https://apps.apple.com/app/able-inconsistent-income/id6769551407,"Floor-First Budgeting. Five rules.

1. Know your floor. Bills + tax. The unmissable amount.

2. Every deposit fills the floor first.

3. Build your reserve before you spend on anything else.

4. One month ahead is the goal. Not perfection. Cycle.

5. Score reality, not the plan.

That's the method. Able is the tool.

30 days free in the App Store. Link in bio.

#freelancing #1099life #floorfirstbudgeting #budgeting","Floor-First Budgeting. 5 rules.

1. Know your floor.

2. Floor gets filled first.

3. Reserve before you spend.

4. One month ahead.

5. Score reality, not the plan.

Able. 30 days free. Link in bio.

#freelancetok #1099 #moneytok","Floor-First Budgeting in 5 rules:

1. Know your floor. Bills + tax. The unmissable amount every cycle has to cover.

2. Every deposit fills the floor first. Before debt. Before savings. Before anything else.

3. Build your reserve before you spend. One month of floor in the bank is the target.

4. One month ahead is the goal. Not perfection. Cycle.

5. Score reality, not the plan. The cycle that just happened beats the budget you wrote.

That's the methodology. Able is the tool that runs it for you.

30 days free. App Store link in the first comment.

https://apps.apple.com/app/able-inconsistent-income/id6769551407","Floor-First Budgeting. Five rules.

1. Know your floor. Bills + tax. The unmissable amount.

2. Every deposit fills the floor first.

3. Build your reserve before you spend on anything else.

4. One month ahead is the goal. Not perfection. Cycle.

5. Score reality, not the plan.

That's the method. Able is the tool.

30 days free in the App Store. https://apps.apple.com/app/able-inconsistent-income/id6769551407

#freelancing #1099life #floorfirstbudgeting #budgeting",,,,,,Pending,,,,,
Launch,10,2026-05-29,carousel,C56,three-steps,white,Launch,,Three steps.,C56_three-steps,social-export/carousels/C56_three-steps,https://apps.apple.com/app/able-inconsistent-income/id6769551407,"Three steps to a budget that survives inconsistent income.

1. Set your floor. Bills + tax. The minimum every cycle has to cover.

2. Route every deposit. Taxes off the top. Bills next. Then the rest.

3. Build a reserve. One month ahead. So a slow week doesn't break the plan.

That's it. No spreadsheet. No envelope ritual. No monthly budget that falls apart when a deposit is late.

Able runs this for you. 30 days free in the App Store. Link in bio.

#freelancing #1099life #budgeting #1099","3 steps:

1. Set your floor.

2. Route every deposit.

3. Build a reserve.

That's the system.

Able. 30 days free. Link in bio.

#freelancetok #1099 #moneytok",,"Three steps to a budget that survives inconsistent income.

1. Set your floor. Bills + tax. The minimum every cycle has to cover.

2. Route every deposit. Taxes off the top. Bills next. Then the rest.

3. Build a reserve. One month ahead. So a slow week doesn't break the plan.

That's it. No spreadsheet. No envelope ritual. No monthly budget that falls apart when a deposit is late.

Able runs this for you. 30 days free in the App Store. https://apps.apple.com/app/able-inconsistent-income/id6769551407

#freelancing #1099life #budgeting #1099",,,,,,Pending,,,,,
Launch,11,2026-05-30,carousel,LC2,launch-day-1-with-able,glass-dark,Launch,,Day 1 with Able.,LC2_launch-day-1-with-able,social-export/carousels/LC2_launch-day-1-with-able,https://apps.apple.com/app/able-inconsistent-income/id6769551407,"Day 1: Money comes in. Already sorted.

Day 7: A snack. A sub. Within the plan.

Day 14: The leak. Caught.

Day 30: 'Where did $1,000 go?' You already know.

Day 31: Bills paid. Debt down. Nothing leaked.

From Unable. To Able.

30 days free in the App Store. Link in bio.

#freelancing #1099life #inconsistentincome","Day 1: Already sorted.

Day 14: Leak caught.

Day 30: You already know where it went.

Day 31: Nothing leaked.

This is the cycle with Able.

30 days free. Link in bio.

#freelancetok #moneytok #1099",,"Day 1: Money comes in. Already sorted.

Day 7: A snack. A sub. Within the plan.

Day 14: The leak. Caught.

Day 30: 'Where did $1,000 go?' You already know.

Day 31: Bills paid. Debt down. Nothing leaked.

From Unable. To Able.

30 days free in the App Store. https://apps.apple.com/app/able-inconsistent-income/id6769551407

#freelancing #1099life #inconsistentincome",,,,,,Pending,,,,,
Launch,12,2026-05-31,carousel,C242,brandscript-nothing-leaked,green,Launch,,Nothing leaked.,C242_brandscript-nothing-leaked,social-export/carousels/C242_brandscript-nothing-leaked,https://apps.apple.com/app/able-inconsistent-income/id6769551407,"After one income cycle with Able:

Nothing leaked.

Bills paid.

Debt killed.

Savings grew.

The same money. A different operating system.

30 days free in the App Store. Link in bio.

#freelancing #1099life #inconsistentincome #budgeting","One income cycle with Able:

Nothing leaked.

Bills paid.

Debt killed.

Savings grew.

Same money. Different system.

30 days free. Link in bio.

#freelancetok #1099 #moneytok","One income cycle with Able. The before-and-after stack:

Nothing leaked.
Bills paid.
Debt killed.
Savings grew.

Same money. Same inconsistent deposits. A different operating system underneath them.

That's what Floor-First Budgeting does. Every deposit gets a purpose the moment it lands. Taxes and bills covered first. Then debt, reserve, and free spending in order.

30 days free. App Store link in the first comment.

https://apps.apple.com/app/able-inconsistent-income/id6769551407","After one income cycle with Able:

Nothing leaked.

Bills paid.

Debt killed.

Savings grew.

The same money. A different operating system.

30 days free in the App Store. https://apps.apple.com/app/able-inconsistent-income/id6769551407

#freelancing #1099life #inconsistentincome #budgeting",,,,,,Pending,,,,,
Launch,13,2026-06-01,carousel,C250,brandscript-end-the-cycle,page,Launch,,End the cycle.,C250_brandscript-end-the-cycle,social-export/carousels/C250_brandscript-end-the-cycle,https://apps.apple.com/app/able-inconsistent-income/id6769551407,"The cycle:

Money in. Spend it. Wait. Worry. Repeat.

The new cycle:

Money in. Sorted. Floor covered. Reserve grows. Sleep.

That's the swap.

30 days free in the App Store. Link in bio.

#freelancing #1099life #moneymindset","Old cycle: spend, wait, worry, repeat.

New cycle: sorted, covered, growing.

30 days free with Able.

Link in bio.

#freelancetok #moneytok #1099",,"The cycle:

Money in. Spend it. Wait. Worry. Repeat.

The new cycle:

Money in. Sorted. Floor covered. Reserve grows. Sleep.

That's the swap.

30 days free in the App Store. https://apps.apple.com/app/able-inconsistent-income/id6769551407

#freelancing #1099life #moneymindset",,,,,,Pending,,,,,
Launch,14,2026-06-02,carousel,C112,identity-nothing-broke,green,Launch,,Identity: Nothing broke.,C112_identity-nothing-broke,social-export/carousels/C112_identity-nothing-broke,https://apps.apple.com/app/able-inconsistent-income/id6769551407,"Nothing broke this month.

No bill went past due. No tax surprise in April. No 2 a.m. spiral about the next deposit.

Because every deposit had a purpose the moment it landed.

That's the new normal.

30 days free in the App Store. Link in bio.

#freelancing #1099life #inconsistentincome","Nothing broke this month.

No bill past due. No tax surprise. No 2 a.m. spirals.

That's the new normal.

Able. 30 days free. Link in bio.

#freelancetok #moneytok #1099",,"Nothing broke this month.

No bill went past due. No tax surprise in April. No 2 a.m. spiral about the next deposit.

Because every deposit had a purpose the moment it landed.

That's the new normal.

30 days free in the App Store. https://apps.apple.com/app/able-inconsistent-income/id6769551407

#freelancing #1099life #inconsistentincome",,,,,,Pending,,,,,
